class,path
10,01398.png
2,01527.png
6,03705.png
10,03641.png
14,01269.png
2,04984.png
22,02893.png
2,05028.png
2,02164.png
10,01671.png
10,02797.png
2,00780.png
2,02382.png
34,00272.png
34,01691.png
10,02137.png
10,04206.png
14,02774.png
0,04434.png
33,04132.png
2,00195.png
34,00948.png
10,03128.png
2,03152.png
10,01720.png
34,01314.png
2,04506.png
6,00156.png
34,01413.png
0,04795.png
2,01584.png
14,00621.png
2,00464.png
33,02706.png
14,01199.png
14,01826.png
6,02105.png
10,00785.png
2,02593.png
2,04067.png
33,01155.png
2,02365.png
2,03435.png
34,04603.png
2,04018.png
10,03642.png
2,02826.png
10,05059.png
10,05081.png
2,04037.png
2,03441.png
22,00339.png
2,04397.png
33,00099.png
2,02165.png
10,02795.png
33,04611.png
10,05286.png
33,01841.png
10,03044.png
2,00146.png
2,01743.png
2,00067.png
10,03549.png
33,00081.png
10,01984.png
34,02618.png
10,04855.png
2,03419.png
10,04517.png
2,04685.png
22,01921.png
33,04418.png
33,00021.png
33,02583.png
2,02472.png
10,04968.png
2,04552.png
2,02950.png
10,03631.png
6,03600.png
14,04110.png
2,03838.png
10,05070.png
14,03508.png
10,01943.png
2,05201.png
10,04763.png
10,04194.png
10,03699.png
2,04749.png
22,03896.png
14,02060.png
2,01080.png
14,00132.png
2,00790.png
10,00770.png
34,00337.png
10,00451.png
2,03212.png
22,01801.png
10,04805.png
14,03286.png
0,03009.png
2,05192.png
10,02188.png
2,02371.png
33,03871.png
2,02727.png
14,02960.png
10,04056.png
14,01425.png
34,02794.png
2,00537.png
34,02582.png
2,02048.png
33,03909.png
10,01439.png
10,02156.png
2,04959.png
14,05142.png
2,02574.png
14,04737.png
10,01405.png
2,02063.png
2,00889.png
14,00303.png
6,02300.png
2,01369.png
2,01561.png
2,03556.png
2,00644.png
14,03674.png
14,03546.png
10,03139.png
6,04030.png
2,01335.png
2,01486.png
2,04852.png
33,02375.png
33,01297.png
2,00343.png
33,04860.png
22,01987.png
2,01268.png
34,02901.png
0,01519.png
2,03072.png
2,04271.png
10,00964.png
2,00979.png
2,03016.png
2,02171.png
14,02992.png
10,01540.png
2,02507.png
10,05146.png
14,02581.png
2,00851.png
10,00077.png
22,02423.png
10,04568.png
22,05134.png
14,01277.png
2,00393.png
14,04943.png
2,02163.png
10,00047.png
2,00220.png
10,02385.png
10,04636.png
2,01615.png
34,05160.png
2,01394.png
2,01991.png
0,04332.png
2,00419.png
2,02196.png
10,01715.png
2,00943.png
33,01141.png
34,04001.png
6,01580.png
22,02578.png
2,03680.png
14,00261.png
14,00523.png
2,04242.png
2,04498.png
2,01084.png
2,02605.png
10,02806.png
10,04143.png
10,03526.png
10,01034.png
14,03154.png
2,04285.png
34,02859.png
2,01500.png
10,03364.png
10,00126.png
2,04134.png
2,02594.png
14,03594.png
2,04928.png
10,02030.png
14,01423.png
10,02851.png
14,05001.png
6,01309.png
2,00412.png
6,00323.png
2,02007.png
10,02929.png
2,04823.png
2,04396.png
10,02354.png
10,04439.png
14,03668.png
33,02952.png
0,03779.png
2,04516.png
2,00268.png
14,03708.png
34,00386.png
10,02726.png
33,00515.png
10,05042.png
10,04800.png
10,01773.png
10,04359.png
2,00481.png
33,02204.png
10,04912.png
2,03259.png
2,03345.png
10,01819.png
2,03451.png
2,02395.png
10,02691.png
2,03120.png
10,01551.png
2,02408.png
0,02930.png
10,02923.png
33,00892.png
34,02406.png
2,04205.png
22,04718.png
10,00061.png
0,00403.png
10,00977.png
22,03702.png
2,02721.png
10,05094.png
34,01235.png
2,03711.png
33,02149.png
10,03658.png
22,03062.png
0,00778.png
2,03262.png
14,02872.png
10,02668.png
14,05080.png
10,03158.png
34,03751.png
10,02259.png
34,01378.png
2,02604.png
2,05104.png
33,01091.png
22,03457.png
10,02644.png
10,01978.png
6,02447.png
2,04003.png
14,01292.png
10,04081.png
10,00567.png
10,02260.png
0,03776.png
0,01853.png
10,00585.png
14,01766.png
10,01653.png
6,05027.png
14,05213.png
33,03715.png
2,04990.png
6,00435.png
10,00566.png
2,00034.png
33,01057.png
10,01460.png
2,01012.png
14,05054.png
6,02236.png
0,04570.png
10,00787.png
10,03729.png
2,03282.png
2,04826.png
2,03561.png
2,02792.png
10,02126.png
33,04153.png
14,00666.png
2,01081.png
2,01186.png
6,01700.png
10,00836.png
2,01293.png
2,05249.png
2,04992.png
33,05302.png
2,02903.png
2,04200.png
34,04040.png
10,02292.png
34,00032.png
14,04148.png
6,04410.png
6,00573.png
14,00468.png
10,04669.png
2,03336.png
10,02884.png
10,04593.png
14,01796.png
2,03923.png
10,00219.png
22,03558.png
10,04942.png
10,04361.png
14,04964.png
10,03758.png
2,02793.png
10,04092.png
10,00437.png
2,04574.png
0,02752.png
2,02560.png
22,02492.png
2,04333.png
10,02773.png
14,00417.png
10,00334.png
22,02962.png
33,00003.png
10,01980.png
2,00937.png
6,04663.png
2,00124.png
10,02532.png
2,03694.png
14,00224.png
10,00244.png
6,02838.png
10,02542.png
0,02045.png
2,00649.png
10,00402.png
10,04818.png
14,00821.png
0,00675.png
14,00411.png
2,01637.png
2,03500.png
10,03996.png
14,04859.png
10,00974.png
10,02286.png
10,05210.png
14,01145.png
2,03797.png
34,00433.png
10,01640.png
14,03325.png
34,03971.png
33,00108.png
2,04476.png
2,04784.png
33,04342.png
2,04489.png
10,03862.png
34,02643.png
2,00329.png
10,03813.png
10,04905.png
10,03760.png
2,01835.png
34,03178.png
14,03131.png
10,03068.png
2,01877.png
22,01910.png
33,02294.png
10,01113.png
10,03538.png
2,04223.png
10,04837.png
10,02203.png
14,03825.png
10,03808.png
34,00689.png
2,03676.png
10,02897.png
10,01783.png
10,04393.png
33,03092.png
10,04402.png
2,02967.png
14,04913.png
2,04939.png
33,00286.png
10,04835.png
22,00513.png
2,03518.png
33,00898.png
10,03618.png
2,01102.png
2,03078.png
2,02466.png
10,03687.png
10,04788.png
2,00484.png
2,03604.png
2,01498.png
33,04878.png
10,01726.png
10,02889.png
33,00296.png
10,03807.png
10,04688.png
10,02389.png
33,01115.png
6,04662.png
33,00104.png
34,01914.png
34,04123.png
10,01013.png
0,03677.png
2,02566.png
14,05115.png
33,00779.png
34,04522.png
33,01867.png
2,04540.png
10,00370.png
10,05067.png
33,00391.png
10,01473.png
14,04169.png
33,02953.png
10,00841.png
22,05264.png
14,03449.png
10,00494.png
14,01239.png
10,01648.png
2,00586.png
10,02277.png
14,05112.png
34,02000.png
10,02084.png
14,03651.png
14,01282.png
14,04757.png
2,00788.png
2,04295.png
10,00084.png
34,01765.png
33,03672.png
10,00618.png
2,03520.png
2,02741.png
34,01974.png
0,00252.png
2,01046.png
10,03464.png
10,00216.png
2,02764.png
6,03952.png
10,01083.png
0,04012.png
10,03124.png
2,01903.png
34,00429.png
2,01454.png
14,01874.png
14,00456.png
2,03602.png
10,03181.png
34,00276.png
2,04382.png
10,02552.png
2,01986.png
10,03414.png
2,04605.png
10,02233.png
10,01891.png
2,03773.png
10,02238.png
0,00807.png
10,01313.png
2,01280.png
34,02832.png
2,02463.png
10,03314.png
2,04504.png
10,00665.png
10,04176.png
6,03413.png
10,03222.png
0,03340.png
2,05085.png
10,03170.png
0,04180.png
14,03664.png
0,00809.png
10,01567.png
10,03267.png
10,01011.png
6,04687.png
2,02366.png
2,03716.png
14,00489.png
10,00415.png
0,00990.png
2,05153.png
2,03839.png
2,00316.png
10,00538.png
2,01354.png
10,01949.png
10,01421.png
14,00251.png
14,03601.png
2,02493.png
14,04118.png
33,00232.png
2,01349.png
34,03264.png
10,03540.png
2,01192.png
22,04686.png
10,01250.png
10,04676.png
10,01815.png
33,02609.png
10,00659.png
2,02457.png
2,03922.png
6,02813.png
33,03718.png
10,01590.png
34,00254.png
33,02202.png
2,02689.png
2,03559.png
10,00750.png
6,01601.png
14,05051.png
2,01035.png
2,04344.png
10,03866.png
2,00138.png
2,03366.png
10,02732.png
10,03989.png
34,03082.png
10,03073.png
10,03788.png
10,03085.png
22,02242.png
2,01071.png
6,00861.png
14,02237.png
34,01646.png
2,05049.png
2,01483.png
2,04627.png
10,02619.png
22,02384.png
10,04431.png
2,03110.png
10,04518.png
2,04512.png
10,00190.png
2,04357.png
2,03077.png
6,02677.png
2,01906.png
2,04595.png
10,04430.png
10,04681.png
10,02711.png
2,03276.png
10,02293.png
10,04113.png
0,01279.png
10,03315.png
33,00575.png
33,03313.png
10,04171.png
33,04666.png
10,01154.png
2,03632.png
22,03737.png
10,03381.png
10,01636.png
14,00726.png
10,01739.png
0,04726.png
10,01438.png
10,04465.png
10,01858.png
14,03647.png
33,04483.png
2,00756.png
2,05139.png
22,00949.png
14,03134.png
0,03281.png
10,01426.png
14,01533.png
2,05307.png
14,01848.png
14,03127.png
14,05190.png
6,04129.png
14,02034.png
10,00135.png
10,02537.png
22,02014.png
2,00805.png
14,01020.png
6,02987.png
10,01365.png
22,00440.png
2,00716.png
6,00483.png
10,01901.png
10,04024.png
2,03356.png
2,01270.png
34,01053.png
2,04173.png
22,04500.png
10,04651.png
10,01900.png
10,00615.png
2,03544.png
10,03219.png
2,01403.png
2,02681.png
2,02175.png
2,03491.png
2,04475.png
2,03083.png
2,05205.png
10,02328.png
14,02427.png
2,01358.png
34,01463.png
22,03958.png
10,01330.png
22,04854.png
10,01982.png
0,03863.png
2,01546.png
10,04660.png
33,00234.png
2,01568.png
10,00855.png
33,01731.png
10,04927.png
6,00129.png
10,02886.png
2,05263.png
10,03818.png
10,04107.png
10,00113.png
22,01675.png
22,00500.png
6,05225.png
2,01934.png
10,00985.png
2,02939.png
2,03151.png
2,01664.png
34,02628.png
33,01780.png
14,05232.png
2,02104.png
14,00111.png
2,04541.png
2,04016.png
2,02848.png
10,01004.png
22,03150.png
0,00243.png
2,03309.png
2,00600.png
10,03301.png
10,00359.png
34,01336.png
2,00827.png
10,03096.png
22,01992.png
2,00577.png
14,02438.png
10,01717.png
10,05082.png
33,00174.png
10,04938.png
2,04573.png
2,00452.png
14,02828.png
0,02160.png
14,01196.png
2,03703.png
2,02585.png
2,02514.png
14,04254.png
2,04035.png
14,01588.png
10,02470.png
33,01370.png
10,02426.png
2,04705.png
33,01304.png
2,04447.png
14,04466.png
33,04471.png
14,04188.png
14,02177.png
10,05168.png
14,04126.png
14,01223.png
2,04480.png
10,04596.png
10,05305.png
10,04973.png
14,02569.png
14,04165.png
33,04615.png
14,03550.png
2,01476.png
2,02295.png
14,03667.png
34,01926.png
10,04277.png
2,01730.png
2,02256.png
2,02935.png
2,00710.png
34,03076.png
2,00747.png
22,03369.png
33,05021.png
14,01074.png
14,00353.png
10,01744.png
2,03149.png
2,01247.png
10,01264.png
2,03214.png
14,01659.png
33,02607.png
22,00088.png
10,02013.png
10,01719.png
6,00142.png
10,01870.png
10,00436.png
33,00480.png
14,04210.png
2,03197.png
33,03007.png
2,03209.png
2,01894.png
22,03388.png
2,03709.png
10,03089.png
2,03299.png
14,03094.png
34,03853.png
14,03412.png
34,03306.png
2,02454.png
14,04875.png
2,02323.png
2,01767.png
34,01495.png
6,03761.png
33,04136.png
2,03523.png
22,01564.png
2,01037.png
14,00093.png
34,04494.png
10,03678.png
2,05038.png
2,02736.png
10,04924.png
10,00416.png
10,02761.png
2,04646.png
2,02103.png
2,00598.png
10,00882.png
10,02926.png
2,00459.png
10,02213.png
14,04243.png
10,00561.png
2,01471.png
2,04641.png
10,00424.png
10,04322.png
2,02080.png
33,03162.png
14,00167.png
2,00179.png
2,00511.png
2,01558.png
10,00340.png
2,01734.png
10,03260.png
2,02062.png
2,04956.png
6,04678.png
2,01372.png
10,04532.png
2,02976.png
0,03474.png
22,03358.png
10,00581.png
10,04481.png
10,01631.png
33,01871.png
2,04884.png
2,00206.png
2,04455.png
14,04548.png
2,01359.png
2,05091.png
14,01302.png
10,02933.png
34,03006.png
10,00485.png
2,03423.png
10,01511.png
10,00101.png
2,04236.png
10,02359.png
10,03573.png
2,02144.png
33,00865.png
6,01667.png
34,00073.png
10,00027.png
2,03916.png
10,03503.png
2,05097.png
6,02424.png
2,00302.png
14,02230.png
2,04546.png
2,05007.png
10,03754.png
10,02462.png
2,05053.png
2,00786.png
2,00819.png
14,02909.png
2,02169.png
2,00092.png
33,04350.png
2,00662.png
10,01847.png
10,00335.png
10,04838.png
10,00850.png
14,00732.png
14,03891.png
6,02262.png
10,01190.png
2,01273.png
2,05148.png
2,01598.png
22,01241.png
14,02206.png
14,02186.png
10,02524.png
2,02110.png
2,03303.png
10,01287.png
2,04444.png
22,04827.png
14,03809.png
2,02297.png
0,03420.png
2,00863.png
10,01193.png
2,01491.png
14,02329.png
10,00671.png
0,00579.png
34,04929.png
14,00963.png
2,01842.png
33,02358.png
33,04700.png
10,01593.png
2,02494.png
10,00720.png
14,00686.png
14,02591.png
2,00628.png
2,00699.png
2,03661.png
10,00188.png
2,02266.png
10,01229.png
34,05292.png
10,02076.png
10,05092.png
2,02327.png
10,04590.png
6,02173.png
2,04684.png
2,00715.png
2,02114.png
2,00927.png
6,03957.png
2,03623.png
10,04815.png
14,03403.png
2,00409.png
6,00541.png
2,02269.png
2,03519.png
6,03721.png
14,04343.png
2,01191.png
33,03869.png
10,03848.png
2,05224.png
22,05095.png
33,02351.png
22,03107.png
2,03042.png
10,00945.png
14,04719.png
33,00886.png
14,01324.png
14,00681.png
2,03619.png
14,03307.png
10,01195.png
34,01173.png
14,02291.png
10,00562.png
2,02883.png
33,02684.png
10,05185.png
10,03585.png
34,01289.png
2,04982.png
6,03021.png
33,01400.png
2,01168.png
6,03837.png
2,01619.png
10,00872.png
6,02480.png
10,00762.png
33,02608.png
2,02881.png
6,01165.png
34,02308.png
2,04505.png
10,03292.png
33,04438.png
10,04881.png
10,05120.png
10,02718.png
2,05237.png
2,00351.png
2,00731.png
22,04055.png
10,03892.png
34,00432.png
10,03161.png
2,03093.png
10,00125.png
22,00754.png
